{
    "counter": {
        "ACTIVE": 18993,
        "INACTIVE": 2007,
        "INVALID": 0,
        "MALICIOUS": 0,
        "SANE": 0,
        "VALID": 0,
        "total": 21000
    },
    "percentage": {
        "ACTIVE": 90.44285714285714,
        "INACTIVE": 9.55941890926411,
        "INVALID": 0,
        "MALICIOUS": 0,
        "SANE": 0,
        "VALID": 0,
        "total": 100.00227605212125
    }
}