{
    "counter": {
        "ACTIVE": 19493,
        "INACTIVE": 1507,
        "INVALID": 0,
        "MALICIOUS": 0,
        "SANE": 0,
        "VALID": 0,
        "total": 21000
    },
    "percentage": {
        "ACTIVE": 92.82380952380953,
        "INACTIVE": 7.181319990469383,
        "INVALID": 0,
        "MALICIOUS": 0,
        "SANE": 0,
        "VALID": 0,
        "total": 100.0051295142789
    }
}