{
    "counter": {
        "ACTIVE": 17290,
        "INACTIVE": 3709,
        "INVALID": 1,
        "MALICIOUS": 0,
        "SANE": 0,
        "VALID": 0,
        "total": 21000
    },
    "percentage": {
        "ACTIVE": 82.33725415495977,
        "INACTIVE": 17.66190476190476,
        "INVALID": 0.0968054211035818,
        "MALICIOUS": 0,
        "SANE": 0,
        "VALID": 0,
        "total": 100.09596433796811
    }
}