{
    "counter": {
        "ACTIVE": 19735,
        "INACTIVE": 1265,
        "INVALID": 0,
        "MALICIOUS": 0,
        "SANE": 0,
        "VALID": 0,
        "total": 21000
    },
    "percentage": {
        "ACTIVE": 93.97619047619048,
        "INACTIVE": 6.028115320467,
        "INVALID": 0,
        "MALICIOUS": 0,
        "SANE": 0,
        "VALID": 0,
        "total": 100.00430579665748
    }
}