{
    "counter": {
        "ACTIVE": 19144,
        "INACTIVE": 1856,
        "INVALID": 0,
        "MALICIOUS": 0,
        "SANE": 0,
        "VALID": 0,
        "total": 21000
    },
    "percentage": {
        "ACTIVE": 91.16190476190476,
        "INACTIVE": 8.839779005524862,
        "INVALID": 0,
        "MALICIOUS": 0,
        "SANE": 0,
        "VALID": 0,
        "total": 100.00168376742963
    }
}