{
    "counter": {
        "ACTIVE": 15959,
        "INACTIVE": 5041,
        "INVALID": 0,
        "MALICIOUS": 0,
        "SANE": 0,
        "VALID": 0,
        "total": 21000
    },
    "percentage": {
        "ACTIVE": 75.9952380952381,
        "INACTIVE": 24.004761904761907,
        "INVALID": 0.0,
        "MALICIOUS": 0.0,
        "SANE": 0.0,
        "VALID": 0.0,
        "total": 100.0
    }
}