{
    "counter": {
        "ACTIVE": 19309,
        "INACTIVE": 1691,
        "INVALID": 0,
        "MALICIOUS": 0,
        "SANE": 0,
        "VALID": 0,
        "total": 21000
    },
    "percentage": {
        "ACTIVE": 91.94761904761904,
        "INACTIVE": 8.072369677296162,
        "INVALID": 0,
        "MALICIOUS": 0,
        "SANE": 0,
        "VALID": 0,
        "total": 100.01998872491521
    }
}