{
    "counter": {
        "ACTIVE": 16281,
        "INACTIVE": 4718,
        "INVALID": 1,
        "MALICIOUS": 0,
        "SANE": 0,
        "VALID": 0,
        "total": 21000
    },
    "percentage": {
        "ACTIVE": 77.55442290287239,
        "INACTIVE": 22.466666666666665,
        "INVALID": 0.006437906392841048,
        "MALICIOUS": 0,
        "SANE": 0,
        "VALID": 0,
        "total": 100.0275274759319
    }
}